2,4,6
0.36904761904761907,0.5128205128205128,0.3694281860305383
0.5238095238095238,0.02564102564102564,0.7543942993670736
0.11904761904761907,0.4615384615384615,0.6073097799110846
0.5357142857142857,0.41025641025641024,0.7205176972630417
0.5595238095238095,0.0,0.5371074727739575
0.0,0.05128205128205129,0.6906701671259121
0.976190476190476,0.10256410256410256,0.44222464738283895
0.8690476190476191,0.05128205128205129,0.7389450797262239
0.8690476190476191,0.4871794871794871,0.4784309576000838
0.2619047619047619,0.0,0.5080081725080693
0.2619047619047619,0.4871794871794871,0.560318193891815
0.011904761904761918,0.641025641025641,0.5751223126105075
0.13095238095238093,0.0,0.8856663840542188
0.13095238095238093,0.0,0.886791914958695
0.976190476190476,0.0,0.5423477649022171
0.11904761904761907,0.05128205128205129,0.7243814275327131
0.8690476190476191,0.28205128205128205,0.5970540670703732
0.5357142857142857,0.0,0.6761554802220476
0.5357142857142857,0.28205128205128205,0.717490736840411
0.5119047619047619,0.7435897435897435,0.7515712491917376
0.11904761904761907,0.07692307692307693,0.7205176972630417
0.5238095238095238,0.05128205128205129,0.3111749187712799
0.059523809523809534,0.05128205128205129,0.44535171834628795
0.8571428571428571,0.10256410256410256,0.32175846428753496
0.3928571428571428,0.10256410256410256,0.7205176972630417
0.738095238095238,0.05128205128205129,0.6181720251238889
0.2619047619047619,0.05128205128205129,0.7273342692634817
0.38095238095238093,0.05128205128205129,0.8466556371792775
0.3928571428571428,0.05128205128205129,0.5546710874050544
0.5714285714285714,0.4871794871794871,0.5519639105692584
0.5119047619047619,0.02564102564102564,0.754803629065796
0.6071428571428571,0.05128205128205129,0.5822172489288006
0.9166666666666665,0.0,0.7530787764311951
0.75,0.0,0.6524086562583007
0.27380952380952384,0.05128205128205129,0.6991559188973824
0.5952380952380952,0.05128205128205129,0.9129480994760045
0.5119047619047619,0.23076923076923075,0.726033838368933
0.27380952380952384,0.05128205128205129,0.7629707710758682
0.7261904761904762,0.02564102564102564,0.7546626023240404
0.8928571428571428,0.02564102564102564,0.6247781469924581
0.5476190476190476,0.41025641025641024,0.29405249481504536
0.7142857142857143,0.0,0.6207530995699105
0.48809523809523814,0.0,0.7912301153971019
0.2619047619047619,0.02564102564102564,0.6832534349486068
0.976190476190476,0.02564102564102564,0.545399040280323
0.6071428571428571,0.10256410256410256,0.5817019395620762
0.27380952380952384,0.07692307692307693,0.756088129472275
0.035714285714285726,0.6666666666666666,0.7205176972630417
0.2619047619047619,0.05128205128205129,0.7011987105359889
0.976190476190476,0.02564102564102564,0.5814031171437543
0.6309523809523809,0.0,0.724773820607277
0.035714285714285726,0.12820512820512822,0.5410607491555165
0.2619047619047619,0.10256410256410256,0.7020497339776183
0.8690476190476191,0.0,0.5224036322854315
0.3928571428571428,0.02564102564102564,0.7172804543978881
0.35714285714285715,0.05128205128205129,0.7205176972630417
0.2619047619047619,0.12820512820512822,0.7035793962110257
0.27380952380952384,0.0,0.7627923496094853
0.2619047619047619,0.6153846153846153,0.3938291661412401
0.5714285714285714,0.15384615384615385,0.717490736840411
0.5595238095238095,0.02564102564102564,0.7527657004182845
0.6071428571428571,0.07692307692307693,0.5367486175690144
0.35714285714285715,0.43589743589743585,0.7230660722861829
0.5952380952380952,0.41025641025641024,0.8325123821814643
0.7261904761904762,0.07692307692307693,0.21916729494275758
0.9880952380952381,0.0,0.7123773855486664
0.38095238095238093,0.12820512820512822,0.7724567898087807
0.8452380952380952,0.1794871794871795,0.7205176972630417
0.059523809523809534,0.6153846153846153,0.7176755305020217
0.11904761904761907,0.02564102564102564,0.7178390276164235
0.5238095238095238,0.30769230769230765,0.7552919404474758
0.5595238095238095,0.07692307692307693,0.5270300137102814
0.27380952380952384,0.30769230769230765,0.5208875528892206
0.5357142857142857,0.07692307692307693,0.7205176972630417
0.8571428571428571,0.12820512820512822,0.684249006608302
0.976190476190476,0.0,0.544443881753521
0.8690476190476191,0.10256410256410256,0.39297965190374373
0.023809523809523836,0.02564102564102564,0.5603649792199362
0.5714285714285714,0.02564102564102564,0.4204094370199055
0.75,0.10256410256410256,0.49368347763560716
0.5238095238095238,0.02564102564102564,0.7482808488032348
0.8571428571428571,0.0,0.7546404673300907
0.6071428571428571,0.0,0.5840262816161498
0.5714285714285714,0.02564102564102564,0.7166539669933704
0.11904761904761907,0.05128205128205129,0.722640309031346
0.7142857142857143,0.02564102564102564,0.7205176972630417
0.8690476190476191,0.0,0.54333646129864
0.5714285714285714,0.02564102564102564,0.7242112228443871
0.047619047619047616,0.15384615384615385,0.47988717189902164
0.5952380952380952,0.0,0.350879899547373
0.23809523809523808,0.0,0.7205176972630417
0.38095238095238093,0.0,0.3833645123727909
0.2619047619047619,0.02564102564102564,0.6869798276421806
0.738095238095238,0.2564102564102564,0.5227554445377545
0.13095238095238093,0.0,0.8894823228596803
0.75,0.0,0.756088129472275
0.5357142857142857,0.0,0.7255383163452845
0.27380952380952384,0.6153846153846153,0.6492327876945534
0.2619047619047619,0.3333333333333333,0.6675124358420554
0.47619047619047616,0.05128205128205129,0.7205176972630417
0.23809523809523808,0.02564102564102564,0.7264641292361683
0.023809523809523836,0.05128205128205129,0.7205176972630417
0.059523809523809534,0.0,0.7235666249902741
0.5238095238095238,0.15384615384615385,0.7554529222216559
0.059523809523809534,0.10256410256410256,0.33595018150695044
0.14285714285714285,0.05128205128205129,0.7527657004182845
0.41666666666666663,0.0,0.8264267680494111
0.14285714285714285,0.0,0.7533395333674974
0.9523809523809523,0.0,0.7536479140786614
0.8333333333333333,0.15384615384615385,0.6430141959094532
0.11904761904761907,0.10256410256410256,0.7205176972630417
0.8809523809523809,0.02564102564102564,0.5000907199373247
0.976190476190476,0.02564102564102564,0.3854421833958034
0.41666666666666663,0.0,0.7895663016852111
0.2619047619047619,0.05128205128205129,0.6850904717570894
0.11904761904761907,0.41025641025641024,0.7205176972630417
0.8571428571428571,0.0,0.6351203875367911
0.8333333333333333,0.05128205128205129,0.7018855661058242
0.976190476190476,0.0,0.5441297996045216
0.9642857142857142,0.02564102564102564,0.9752356370719563
0.9523809523809523,0.12820512820512822,0.6273568737876062
0.976190476190476,0.12820512820512822,0.2533479178349025
0.13095238095238093,0.05128205128205129,0.8261665141811529
0.023809523809523836,0.05128205128205129,0.6379244888157913
0.976190476190476,0.12820512820512822,0.5419315599402222
0.2619047619047619,0.05128205128205129,0.7045977736220632
0.023809523809523836,0.05128205128205129,0.7205176972630417
0.2619047619047619,0.2564102564102564,0.7032656494407227
0.8690476190476191,0.05128205128205129,0.3433441079329137
0.5714285714285714,0.0,0.7205176972630417
0.5714285714285714,0.02564102564102564,0.7205176972630417
0.27380952380952384,0.41025641025641024,0.6161776957068846
0.976190476190476,0.02564102564102564,0.5453198909080178
0.023809523809523836,0.0,0.7205176972630417
0.75,0.12820512820512822,0.10907403954248987
0.976190476190476,0.10256410256410256,0.49969212235688065
0.75,0.0,0.7580599885166336
0.5714285714285714,0.10256410256410256,0.7178217556135688
0.27380952380952384,0.07692307692307693,0.7629707710758682
0.6071428571428571,0.02564102564102564,0.5609752007576877
0.5714285714285714,0.23076923076923075,0.5789033720315634
0.035714285714285726,0.02564102564102564,0.7205176972630417
0.9523809523809523,0.02564102564102564,0.180461574992018
0.75,0.05128205128205129,0.7494296885270976
0.11904761904761907,0.2564102564102564,0.7205176972630417
0.75,0.4871794871794871,0.5159366925757889
0.75,0.6666666666666666,0.6721861056630708
0.13095238095238093,0.07692307692307693,0.7853157120894632
0.75,0.02564102564102564,0.7577819595774766
0.011904761904761918,0.02564102564102564,0.5103529726626118
0.5238095238095238,0.05128205128205129,0.7225676995436169
0.976190476190476,0.05128205128205129,0.5415234040669363
0.23809523809523808,0.28205128205128205,0.2929098595970627
0.38095238095238093,0.0,0.5609517242489531
0.5952380952380952,0.30769230769230765,0.35815107737052376
0.75,0.30769230769230765,0.7540555668839029
0.059523809523809534,0.3589743589743589,0.5769358729102555
0.13095238095238093,0.0,0.8872404839648739
0.27380952380952384,0.9743589743589743,0.7604438602892845
0.5952380952380952,0.20512820512820512,0.6035830518388144
0.5119047619047619,0.0,0.19097234333119592
0.13095238095238093,0.0,0.8882070453673471
0.11904761904761907,0.0,0.5677642717050386
0.5714285714285714,0.05128205128205129,0.2741333479111273
0.8690476190476191,0.15384615384615385,0.6190017520183093
0.5357142857142857,0.28205128205128205,0.41617041798917676
0.14285714285714285,0.41025641025641024,0.7529213161333252
0.9047619047619047,0.05128205128205129,0.6421017981664177
0.6309523809523809,0.02564102564102564,0.6899670456893108
0.23809523809523808,0.02564102564102564,0.6513389659067433
0.5238095238095238,0.0,0.5116738616576295
0.035714285714285726,0.0,0.7242774601368882
0.035714285714285726,0.0,0.7205176972630417
0.23809523809523808,0.30769230769230765,0.6517090562980097
0.23809523809523808,0.02564102564102564,0.7255383163452845
0.40476190476190477,0.0,0.7205176972630417
0.059523809523809534,0.3589743589743589,0.6646213037913893
0.11904761904761907,0.0,0.7205176972630417
0.27380952380952384,0.07692307692307693,0.7633579657806411
0.059523809523809534,0.12820512820512822,0.6984004783841724
0.7142857142857143,0.12820512820512822,0.7174687695358093
0.5238095238095238,0.20512820512820512,0.4419779763517775
0.4285714285714286,0.1794871794871795,0.5852842871056283
0.75,0.05128205128205129,0.7545088311918287
0.8452380952380952,0.10256410256410256,0.7205176972630417
0.75,0.0,0.752481970041292
0.059523809523809534,0.10256410256410256,0.5796311438023359
0.35714285714285715,0.0,0.7246076404633058
0.023809523809523836,0.02564102564102564,0.8538092647694072
0.6190476190476191,0.07692307692307693,0.7837966142849861
0.5119047619047619,0.23076923076923075,0.7527657004182845
0.14285714285714285,0.2564102564102564,0.7561273687797314
0.23809523809523808,0.02564102564102564,0.7171231617893664
0.035714285714285726,0.12820512820512822,0.42957785212750843
0.059523809523809534,0.15384615384615385,0.7166539669933704
0.14285714285714285,0.02564102564102564,0.7555857321853546
0.7261904761904762,0.0,0.7577819595774766
0.3928571428571428,0.23076923076923075,0.5563463039926164
0.8690476190476191,0.02564102564102564,0.6300378910850978
0.976190476190476,0.4871794871794871,0.4379301231778876
0.11904761904761907,0.05128205128205129,0.7178217556135688
0.23809523809523808,0.07692307692307693,0.7205176972630417
0.2619047619047619,0.641025641025641,0.6329875467182525
0.976190476190476,0.20512820512820512,0.5416490033886665
0.3928571428571428,0.20512820512820512,0.7205176972630417
0.976190476190476,0.10256410256410256,0.5444901640135977
0.5714285714285714,0.0,0.7205176972630417
0.11904761904761907,0.0,0.7129641305776833
0.5357142857142857,0.0,0.7205176972630417
0.2857142857142857,0.02564102564102564,0.7205176972630417
0.738095238095238,0.0,0.7494296885270976
0.5357142857142857,0.0,0.7166539669933704
0.27380952380952384,0.10256410256410256,0.7604438602892845
0.8809523809523809,0.10256410256410256,0.7205176972630417
0.047619047619047616,0.02564102564102564,0.8053044500728445
0.7261904761904762,0.23076923076923075,0.7540555668839029
0.14285714285714285,0.0,0.5900926114731712
0.8928571428571428,0.0,0.6421017981664177
0.5357142857142857,0.15384615384615385,0.7230816673955566
0.11904761904761907,0.05128205128205129,0.6024840158513389
0.7261904761904762,0.41025641025641024,0.4043401021697661
0.23809523809523808,0.20512820512820512,0.6513389659067433
0.976190476190476,0.3589743589743589,0.38347870881885004
0.13095238095238093,0.07692307692307693,0.6628107618999071
0.6309523809523809,0.12820512820512822,0.6161327549615926
0.27380952380952384,0.0,0.35504094303123324
0.9880952380952381,0.0,0.7113040060314507
0.4285714285714286,0.0,0.8077161582772806
0.75,0.0,0.7506157552862393
0.23809523809523808,0.5384615384615384,0.49650518629615836
0.11904761904761907,0.1794871794871795,0.7205176972630417
0.14285714285714285,0.02564102564102564,0.7399262301019822
0.8928571428571428,0.02564102564102564,0.5165712290690158
0.14285714285714285,0.0,0.7575079551826741
0.5357142857142857,0.3846153846153846,0.7205176972630417
0.976190476190476,0.43589743589743585,0.5441172229034138
0.023809523809523836,0.02564102564102564,0.8458027691548191
0.11904761904761907,0.0,0.38395813266508017
0.5714285714285714,0.02564102564102564,0.7311309237939113
0.14285714285714285,0.1794871794871795,0.7557921577728709
0.035714285714285726,0.02564102564102564,0.7205176972630417
0.2619047619047619,0.0,0.7280712639484002
0.75,0.02564102564102564,0.6744031265343576
0.5714285714285714,0.20512820512820512,0.7205176972630417
0.6190476190476191,0.0,0.6024692591887058
0.9047619047619047,0.07692307692307693,0.5275553844378921
0.5714285714285714,0.02564102564102564,0.7205176972630417
0.11904761904761907,0.0,0.24469028448162536
0.9166666666666665,0.0,0.4988593770541946
0.5595238095238095,0.1794871794871795,0.7554529222216559
0.9166666666666665,0.1794871794871795,0.723284906885459
0.023809523809523836,0.02564102564102564,0.7205176972630417
0.27380952380952384,0.0,0.763841749549922
0.11904761904761907,0.07692307692307693,0.7205176972630417
0.27380952380952384,0.02564102564102564,0.7678148132745571
0.14285714285714285,0.02564102564102564,0.755321118394046
0.25,0.02564102564102564,0.6662898128050271
0.5238095238095238,0.9487179487179487,0.7559449227689939
0.8928571428571428,0.2564102564102564,0.301294327002278
0.25,0.02564102564102564,0.48438376176843856
0.976190476190476,0.02564102564102564,0.438459518449853
0.6071428571428571,0.3333333333333333,0.16656465564656994
0.35714285714285715,0.07692307692307693,0.3573039107839009
0.5238095238095238,0.6666666666666666,0.4419779763517775
0.035714285714285726,0.12820512820512822,0.6554148232017667
0.9880952380952381,0.05128205128205129,0.31952148838382355
0.2619047619047619,0.02564102564102564,0.5915258523314187
0.27380952380952384,0.05128205128205129,0.7616490436341101
0.13095238095238093,0.05128205128205129,0.8894823228596803
0.5476190476190476,0.0,0.7205176972630417
0.14285714285714285,0.07692307692307693,0.7559449227689939
0.035714285714285726,0.02564102564102564,0.7205176972630417
0.5119047619047619,0.05128205128205129,0.7533395333674974
0.5476190476190476,0.0,0.7139157676281752
0.11904761904761907,0.10256410256410256,0.716346257039599
0.35714285714285715,0.641025641025641,0.6817007992745091
0.23809523809523808,0.05128205128205129,0.39464363330498275
0.75,0.23076923076923075,0.40318891479503016
0.6309523809523809,0.30769230769230765,0.20378397721571298
0.059523809523809534,0.0,0.3194089688312456
0.976190476190476,0.0,0.5825454169830407
0.0,0.12820512820512822,0.5676517521524606
0.5714285714285714,0.1794871794871795,0.7205176972630417
0.5952380952380952,0.02564102564102564,0.7515712491917376
0.976190476190476,0.3589743589743589,0.5408504667129939
0.8809523809523809,0.02564102564102564,0.41273345711043097
0.035714285714285726,0.0,0.4750204916383385
0.47619047619047616,0.0,0.6696357183677523
0.9523809523809523,0.02564102564102564,0.7094564047940374
0.976190476190476,0.10256410256410256,0.040998871786065955
0.011904761904761918,0.0,0.40744956575166424
0.6071428571428571,0.02564102564102564,0.5827447996179368
0.7142857142857143,0.05128205128205129,0.7243814275327131
0.5476190476190476,0.0,0.7205176972630417
0.5952380952380952,0.05128205128205129,0.43749765234912663
0.14285714285714285,0.0,0.7556621985280901
0.5714285714285714,0.05128205128205129,0.7260703946468197
0.2857142857142857,0.02564102564102564,0.7555857321853546
0.47619047619047616,0.07692307692307693,0.7205176972630417
0.9642857142857142,0.15384615384615385,0.45221474029615294
0.976190476190476,0.3589743589743589,0.5414595144253087
0.23809523809523808,0.15384615384615385,0.7172036526764564
0.6309523809523809,0.15384615384615385,0.6534419580213195
0.9047619047619047,0.02564102564102564,0.5950493409137864
0.5595238095238095,0.05128205128205129,0.5740420578300194
0.6190476190476191,0.05128205128205129,0.5551902536267853
0.5119047619047619,0.0,0.7538134234652402
0.11904761904761907,0.12820512820512822,0.7205176972630417
0.2619047619047619,0.10256410256410256,0.33203731825828464
0.27380952380952384,0.05128205128205129,0.7594330288989116
0.035714285714285726,0.3333333333333333,0.1808628556020316
0.23809523809523808,0.20512820512820512,0.3749213536957391
0.035714285714285726,0.12820512820512822,0.722640309031346
0.13095238095238093,0.02564102564102564,0.5795130905012706
0.14285714285714285,0.10256410256410256,0.6333192362488028
0.5357142857142857,0.0,0.7205176972630417
0.38095238095238093,0.05128205128205129,0.8695749142101298
0.2619047619047619,0.2564102564102564,0.27985675305127544
0.3928571428571428,0.0,0.5309707133907325
0.5714285714285714,0.05128205128205129,0.7205176972630417
0.6309523809523809,0.12820512820512822,0.5770992023353091
0.5238095238095238,0.15384615384615385,0.7529437865059712
0.059523809523809534,0.0,0.4556679670416649
0.9166666666666665,0.0,0.7547400748028645
0.14285714285714285,0.3846153846153846,0.7543564015744019
0.2619047619047619,0.07692307692307693,0.6869798276421806
0.11904761904761907,0.05128205128205129,0.717490736840411
0.5238095238095238,0.10256410256410256,0.7522114871227997
0.8333333333333333,0.0,0.4354458054857224
0.5119047619047619,0.02564102564102564,0.6606286204130257
0.2619047619047619,0.0,0.7020903147998595
0.25,0.0,0.36837006624400015
0.9880952380952381,0.0,0.6679583218186649
0.11904761904761907,0.02564102564102564,0.6073097799110846
0.2619047619047619,0.10256410256410256,0.6556655187771826
0.23809523809523808,0.12820512820512822,0.7205176972630417
0.6071428571428571,0.15384615384615385,0.5429157287242464
0.7142857142857143,0.5641025641025641,0.7205176972630417
0.8452380952380952,0.02564102564102564,0.7166539669933704
0.8452380952380952,0.02564102564102564,0.7166539669933704
0.75,0.12820512820512822,0.7543942993670736
0.5238095238095238,0.30769230769230765,0.7549154778609817
0.11904761904761907,0.5128205128205128,0.6564503049263107
0.4285714285714286,0.30769230769230765,0.7451779251059129
0.976190476190476,0.05128205128205129,0.20980905549310067
0.5952380952380952,0.12820512820512822,0.42819911030739477
0.976190476190476,0.0,0.5458412370912741
0.5714285714285714,0.07692307692307693,0.7242112228443871
0.41666666666666663,0.0,0.7867108874656908
0.2619047619047619,0.12820512820512822,0.7242774601368882
0.6071428571428571,0.07692307692307693,0.5863662187795973
0.9523809523809523,0.02564102564102564,0.5835166736872609
0.4285714285714286,0.0,0.8126547772683004
0.8333333333333333,0.28205128205128205,0.2199066372785495
0.35714285714285715,0.12820512820512822,0.6199040884004584
0.25,0.28205128205128205,0.34170142307888385
0.23809523809523808,0.07692307692307693,0.7205176972630417
0.23809523809523808,0.6666666666666666,0.5678717605771735
0.6309523809523809,0.12820512820512822,0.07491370706146555
0.047619047619047616,0.10256410256410256,0.60590990923311
0.976190476190476,0.02564102564102564,0.5412272646781842
0.5476190476190476,0.05128205128205129,0.7143069868773025
0.4285714285714286,0.05128205128205129,0.8092944504216382
0.14285714285714285,0.12820512820512822,0.7399262301019822
0.4285714285714286,0.3589743589743589,0.22482060593539807
0.2619047619047619,0.0,0.7063066957685943
0.9047619047619047,0.0,0.7205176972630417
0.5714285714285714,0.0,0.5109060121326598
0.976190476190476,0.02564102564102564,0.5402516480509133
0.2619047619047619,0.0,0.7132268997861627
0.035714285714285726,0.15384615384615385,0.5124586478067575
0.738095238095238,0.7692307692307692,0.6340590816526391
0.13095238095238093,0.3846153846153846,0.8020963851542607
0.2619047619047619,0.02564102564102564,0.6869798276421806
0.023809523809523836,0.0,0.42459529852728517
0.2857142857142857,0.6666666666666666,0.42985621644536154
0.75,0.02564102564102564,0.7543942993670736
0.8690476190476191,0.12820512820512822,0.8804525868429597
0.9642857142857142,0.10256410256410256,0.7630658509362434
0.976190476190476,0.23076923076923075,0.34652450410905977
0.27380952380952384,0.05128205128205129,0.572751855985705
0.5238095238095238,0.3589743589743589,0.75305446147572
0.75,0.02564102564102564,0.7515712491917376
0.976190476190476,0.05128205128205129,0.5432460767400119
0.13095238095238093,0.0,0.8843520349437773
0.5238095238095238,0.3846153846153846,0.7510683488367726
0.5714285714285714,0.12820512820512822,0.7205176972630417
0.2619047619047619,0.0,0.6417685994317345
0.5714285714285714,0.0,0.7147352654723609
0.9642857142857142,0.02564102564102564,0.8323106518956946
0.7261904761904762,0.02564102564102564,0.7545088311918287
0.7261904761904762,0.0,0.7519594500325991
0.8333333333333333,0.20512820512820512,0.7020903147998595
0.6309523809523809,0.02564102564102564,0.6340411388923919
0.976190476190476,0.02564102564102564,0.5828623498509578
0.14285714285714285,0.6666666666666666,0.7506776326556895
0.5238095238095238,0.5897435897435898,0.3821085191554897
0.976190476190476,0.10256410256410256,0.37471761113779245
0.8571428571428571,0.0,0.7487798923031934
0.14285714285714285,0.05128205128205129,0.7530787764311951
0.38095238095238093,0.12820512820512822,0.3938771252947981
0.5714285714285714,0.0,0.7205176972630417
0.6309523809523809,0.02564102564102564,0.41953678165237074
0.011904761904761918,0.20512820512820512,0.41948496564380655
0.75,0.0,0.7506776326556895
0.75,0.02564102564102564,0.7523575445449986
0.2619047619047619,0.0,0.6869798276421806
0.059523809523809534,0.05128205128205129,0.7170954930469291
0.8571428571428571,0.0,0.6732207489408744
0.41666666666666663,0.30769230769230765,0.48702621051586614
0.27380952380952384,0.0,0.7630658509362434
0.6309523809523809,0.15384615384615385,0.26775645738141685
0.6071428571428571,0.20512820512820512,0.5218106827505348
0.23809523809523808,0.43589743589743585,0.42130724578965595
0.75,0.23076923076923075,0.7559449227689939
0.3928571428571428,0.05128205128205129,0.31821367915795806
0.9642857142857142,0.0,0.1760283716961845
0.5595238095238095,0.05128205128205129,0.7569718523367848
0.23809523809523808,0.10256410256410256,0.724953918967141
0.14285714285714285,0.0,0.7510683488367726
0.976190476190476,0.02564102564102564,0.4604214569923776
0.2619047619047619,0.07692307692307693,0.7030500009390604
0.2857142857142857,0.02564102564102564,0.7205176972630417
0.23809523809523808,0.07692307692307693,0.40909459825656747
0.75,0.07692307692307693,0.75444326465672
0.8690476190476191,0.10256410256410256,0.561277880031016
0.976190476190476,0.23076923076923075,0.45356832871405095
0.9047619047619047,0.20512820512820512,0.28683833137025005
0.75,0.05128205128205129,0.7518029958708177
0.23809523809523808,0.02564102564102564,0.7205176972630417
0.7142857142857143,0.3846153846153846,0.3124736727723476
0.35714285714285715,0.02564102564102564,0.7230816673955566
0.011904761904761918,0.05128205128205129,0.8497644300037834
0.8690476190476191,0.07692307692307693,0.8918133724876783
0.059523809523809534,0.05128205128205129,0.7205176972630417
0.75,0.02564102564102564,0.7508230193204962
0.5119047619047619,0.15384615384615385,0.6560218586419043
0.976190476190476,0.0,0.5350205788367994
0.25,0.30769230769230765,0.38728877849712795
0.11904761904761907,0.05128205128205129,0.31879120127282934
0.0,0.0,0.8693329384808152
0.11904761904761907,0.1794871794871795,0.21744965295012522
0.035714285714285726,0.05128205128205129,0.717490736840411
0.976190476190476,0.0,0.5435121997354535
0.9880952380952381,0.02564102564102564,0.40749752490522206
0.5714285714285714,0.0,0.7205176972630417
0.6190476190476191,0.0,0.6730584256519092
0.75,0.02564102564102564,0.7523575445449986
0.14285714285714285,0.0,0.7523575445449986
0.9642857142857142,0.0,0.7099044707321721
0.8452380952380952,0.0,0.717490736840411
0.6071428571428571,0.0,0.49776621019390277
0.5714285714285714,0.0,0.7154362069474369
0.8690476190476191,0.0,0.6190017520183093
0.738095238095238,0.02564102564102564,0.7543564015744019
0.9047619047619047,0.02564102564102564,0.7205176972630417
0.2619047619047619,0.0,0.6812155063010951
0.11904761904761907,0.02564102564102564,0.7169799550860851
0.2619047619047619,0.15384615384615385,0.4586129273730727
0.5952380952380952,0.5641025641025641,0.3542647090388584
0.5357142857142857,0.20512820512820512,0.49763943704673586
0.27380952380952384,0.05128205128205129,0.5394693772420067
0.011904761904761918,0.05128205128205129,0.49185046537147903
0.8452380952380952,0.02564102564102564,0.7205176972630417
0.011904761904761918,0.0,0.5780149538653068
0.738095238095238,0.07692307692307693,0.5036222576084013
0.75,0.05128205128205129,0.5771766748141334
0.976190476190476,0.05128205128205129,0.5376984100366772
0.7142857142857143,0.02564102564102564,0.46797351447360314
0.5714285714285714,0.02564102564102564,0.5807766297392366
0.2619047619047619,0.05128205128205129,0.6897175239393315
0.5357142857142857,0.1794871794871795,0.724953918967141
0.035714285714285726,0.0,0.7205176972630417
0.5476190476190476,0.05128205128205129,0.7205176972630417
0.75,0.0,0.7535273454373743
0.5595238095238095,0.02564102564102564,0.20295793948695115
0.8333333333333333,0.05128205128205129,0.7020497339776183
0.023809523809523836,0.0,0.5913452509035103
0.3928571428571428,0.0,0.5528283491587362
0.35714285714285715,0.0,0.7174464668525113
0.75,0.0,0.4896902911891994
0.8571428571428571,0.12820512820512822,0.7508230193204962
0.5357142857142857,0.28205128205128205,0.7263809553195087
0.2619047619047619,0.02564102564102564,0.705677860713203
0.7142857142857143,0.05128205128205129,0.7205176972630417
0.7261904761904762,0.02564102564102564,0.4539744723151595
0.75,0.07692307692307693,0.4441408335636269
0.75,0.3846153846153846,0.758285530689834
0.5119047619047619,0.0,0.7543564015744019
0.47619047619047616,0.1794871794871795,0.5343858746542247
0.9523809523809523,0.0,0.6431547195831647
0.5952380952380952,0.12820512820512822,0.5048007783468783
0.11904761904761907,0.3589743589743589,0.722640309031346
0.23809523809523808,0.4871794871794871,0.2929098595970627
0.5714285714285714,0.02564102564102564,0.7205176972630417
0.27380952380952384,0.6666666666666666,0.4957286169250872
0.2619047619047619,0.3846153846153846,0.7026784013436614
0.738095238095238,0.0,0.7523575445449986
0.14285714285714285,0.02564102564102564,0.75444326465672
0.2857142857142857,0.07692307692307693,0.7013165961477064
0.5714285714285714,0.10256410256410256,0.724953918967141
0.75,0.05128205128205129,0.7496810548599058
0.5714285714285714,0.0,0.7245682334665012
0.5476190476190476,0.3589743589743589,0.32468447572260706
0.35714285714285715,0.07692307692307693,0.38204177879494416
0.035714285714285726,0.3333333333333333,0.5335469248456589
0.5357142857142857,0.3589743589743589,0.7205176972630417
0.8452380952380952,0.0,0.7205176972630417
0.2619047619047619,0.10256410256410256,0.7053832305285839
0.27380952380952384,0.07692307692307693,0.6969469471148044
0.2619047619047619,0.30769230769230765,0.20931923490728796
0.6071428571428571,0.10256410256410256,0.5877905721023954
0.41666666666666663,0.0,0.7865772390552517
1.0,0.3333333333333333,0.7577819595774766
0.7261904761904762,0.05128205128205129,0.7540555668839029
0.0,0.05128205128205129,0.8714381105569166
0.75,0.0,0.7554529222216559
0.75,0.07692307692307693,0.7537235419746564
0.976190476190476,0.0,0.5416490033886665
0.27380952380952384,0.5384615384615384,0.5181339261039997
0.14285714285714285,0.20512820512820512,0.7535748015228877
0.5714285714285714,0.12820512820512822,0.5543739418802136
0.75,0.3589743589743589,0.30585111734766435
0.976190476190476,0.02564102564102564,0.43879959244780853
0.5714285714285714,0.7435897435897435,0.7205176972630417
0.976190476190476,0.05128205128205129,0.5393457901924538
0.2857142857142857,0.10256410256410256,0.7205176972630417
0.2619047619047619,0.0,0.6869798276421806
0.14285714285714285,0.3333333333333333,0.7511926066437179
0.9047619047619047,0.05128205128205129,0.22985715550571087
0.5357142857142857,0.10256410256410256,0.7205176972630417
0.38095238095238093,0.02564102564102564,0.6007395435630097
0.0,0.0,0.8655123043736066
0.14285714285714285,0.02564102564102564,0.6284339424704801
0.14285714285714285,0.1794871794871795,0.5787658667661176
0.5714285714285714,0.02564102564102564,0.4218304365557414
0.14285714285714285,0.1794871794871795,0.7551643288535685
0.6071428571428571,0.02564102564102564,0.5885399757990734
0.738095238095238,0.05128205128205129,0.5298121476846797
0.75,0.20512820512820512,0.758285530689834
0.47619047619047616,0.20512820512820512,0.2449076098767685
0.011904761904761918,0.02564102564102564,0.5037912884712904
0.5357142857142857,0.10256410256410256,0.72486202520438
0.976190476190476,0.02564102564102564,0.2790290384290326
0.738095238095238,0.05128205128205129,0.5167830207156715
0.11904761904761907,0.1794871794871795,0.5836285224824465
0.5357142857142857,0.5897435897435898,0.3557388660980434
0.6190476190476191,0.0,0.3826362375339739
0.9880952380952381,0.15384615384615385,0.2569321099612839
0.25,0.05128205128205129,0.5868521825104036
0.035714285714285726,0.0,0.7205176972630417
0.035714285714285726,0.07692307692307693,0.46496365836447895
0.5476190476190476,0.12820512820512822,0.488810257490348
0.14285714285714285,0.0,0.7557465462701867
0.8809523809523809,0.0,0.31021389111729414
0.6190476190476191,0.02564102564102564,0.1440012154123951
0.4285714285714286,0.05128205128205129,0.8077768618212942
0.38095238095238093,0.0,0.8644934238945248
0.5952380952380952,0.2564102564102564,0.4038511200306939
0.5714285714285714,0.3333333333333333,0.511790405754562
0.75,0.02564102564102564,0.7517818670129565
0.976190476190476,0.02564102564102564,0.5401724986786081
0.75,0.10256410256410256,0.38824963846176563
0.8452380952380952,0.20512820512820512,0.4758207052074922
0.8690476190476191,0.07692307692307693,0.535953937748348
0.11904761904761907,0.05128205128205129,0.6342395153911994
0.5357142857142857,0.0,0.7205176972630417
0.8690476190476191,0.23076923076923075,0.696214815420981
0.23809523809523808,0.23076923076923075,0.5293593864447982
0.011904761904761918,0.0,0.3644649167053471
0.976190476190476,0.0,0.2293958421090759
0.5595238095238095,0.10256410256410256,0.7596974750008721
0.14285714285714285,0.02564102564102564,0.7527657004182845
0.976190476190476,0.02564102564102564,0.5360594143483057
0.27380952380952384,0.12820512820512822,0.42747989069337544
0.75,0.15384615384615385,0.7561273687797314
0.059523809523809534,0.23076923076923075,0.7205176972630417
0.9642857142857142,0.10256410256410256,0.6157118546978507
0.8452380952380952,0.02564102564102564,0.7205176972630417
0.035714285714285726,0.0,0.7205176972630417
0.38095238095238093,0.12820512820512822,0.6932757242167568
0.8690476190476191,0.1794871794871795,0.6357715252754802
0.035714285714285726,0.0,0.7205176972630417
0.5238095238095238,0.02564102564102564,0.6187408273926588
0.14285714285714285,0.1794871794871795,0.7567469809209769
0.976190476190476,0.0,0.5447953586271475
0.5714285714285714,0.28205128205128205,0.7242774601368882
0.6071428571428571,0.05128205128205129,0.5602264678184019
0.4285714285714286,0.20512820512820512,0.5490172733443696
0.8809523809523809,0.10256410256410256,0.7205176972630417
0.14285714285714285,0.6923076923076923,0.7551324678774287
0.9523809523809523,0.05128205128205129,0.4290147512965742
0.9047619047619047,0.10256410256410256,0.2913391134733696
0.023809523809523836,0.05128205128205129,0.49369152672431615
0.5238095238095238,0.28205128205128205,0.3674875172049272
0.5119047619047619,0.5641025641025641,0.7517818670129565
1.0,0.10256410256410256,0.7515712491917376
0.11904761904761907,0.10256410256410256,0.5778566551206963
0.0,0.43589743589743585,0.8745182285028966
0.23809523809523808,0.4615384615384615,0.3337923549755444
0.738095238095238,0.05128205128205129,0.6161776957068846
0.7261904761904762,0.0,0.7515712491917376
0.36904761904761907,0.05128205128205129,0.37191619288836186
0.11904761904761907,0.3589743589743589,0.7205176972630417
0.011904761904761918,0.41025641025641024,0.3796857434540787
0.5952380952380952,0.20512820512820512,0.19500476908506012
0.976190476190476,0.0,0.19992678683061768
0.13095238095238093,0.07692307692307693,0.6929866277806249
0.8809523809523809,0.0,0.7205176972630417
0.9880952380952381,0.05128205128205129,0.06942037170691659
0.27380952380952384,0.0,0.7630658509362434
0.0,0.0,0.35842457869728184
0.25,0.1794871794871795,0.08389934077963476
0.035714285714285726,0.02564102564102564,0.7229339330798767
0.23809523809523808,0.0,0.7205176972630417
0.36904761904761907,0.3589743589743589,0.8312558858961187
0.14285714285714285,0.8717948717948717,0.7561273687797314
0.23809523809523808,0.2564102564102564,0.7157806408684433
0.5952380952380952,0.3589743589743589,0.5255846992189702
0.11904761904761907,0.0,0.7205176972630417
0.27380952380952384,0.02564102564102564,0.7629707710758682
0.7142857142857143,0.0,0.7166539669933704
0.5714285714285714,0.07692307692307693,0.5578340438889978
0.38095238095238093,0.15384615384615385,0.2729006635132126
0.5238095238095238,0.0,0.7569718523367848
0.5952380952380952,0.28205128205128205,0.52532377459332
0.13095238095238093,0.05128205128205129,0.778121000609048
0.5952380952380952,0.0,0.4437687309001833
0.14285714285714285,0.0,0.7471350274876379
0.0,0.02564102564102564,0.8445928905082465
0.27380952380952384,0.0,0.6161617652188146
0.738095238095238,0.717948717948718,0.4005307032488806
0.011904761904761918,0.0,0.138311515831216
0.11904761904761907,0.12820512820512822,0.30196726435622057
0.5952380952380952,0.23076923076923075,0.3089166463203591
0.14285714285714285,0.02564102564102564,0.7481587709578149
0.11904761904761907,0.05128205128205129,0.7253087496277297
0.5952380952380952,0.3589743589743589,0.28653296906735215
0.976190476190476,0.0,0.34582725179964213
0.40476190476190477,0.02564102564102564,0.6045910325102695
0.976190476190476,0.0,0.5400925108595623
0.6190476190476191,0.23076923076923075,0.4909717731874125
0.5238095238095238,0.20512820512820512,0.6941986863887228
0.9523809523809523,0.0,0.7586289584747515
0.5714285714285714,0.05128205128205129,0.5778566551206963
0.8333333333333333,0.05128205128205129,0.4527783441951314
0.75,0.0,0.7505815466592257
0.13095238095238093,0.07692307692307693,0.46732975506623076
0.14285714285714285,0.05128205128205129,0.7547400748028645
0.6190476190476191,0.02564102564102564,0.7660854330275577
0.011904761904761918,0.23076923076923075,0.49370393573607585
0.011904761904761918,0.10256410256410256,0.46253417508914385
0.9880952380952381,0.02564102564102564,0.40650480396444455
0.5714285714285714,0.05128205128205129,0.7245682334665012
0.14285714285714285,0.9487179487179487,0.75323757824385
0.9047619047619047,0.0,0.7205176972630417
0.6190476190476191,0.0,0.688515862070816
0.27380952380952384,0.02564102564102564,0.7629707710758682
0.6190476190476191,0.02564102564102564,0.7967402196864611
0.976190476190476,0.02564102564102564,0.5855482301395446
0.35714285714285715,0.02564102564102564,0.7205176972630417
0.5714285714285714,0.07692307692307693,0.7205176972630417
0.8690476190476191,0.05128205128205129,0.33678410063507314
0.5476190476190476,0.07692307692307693,0.7076185295388142
0.2619047619047619,0.0,0.307762105158661
0.27380952380952384,0.0,0.6981591734122504
0.9047619047619047,0.20512820512820512,0.5436302530365188
0.6309523809523809,0.1794871794871795,0.12345809644418093
0.976190476190476,0.1794871794871795,0.5006583483806577
0.8809523809523809,0.02564102564102564,0.7205176972630417
0.6190476190476191,0.10256410256410256,0.3250238789631702
0.75,0.4871794871794871,0.40318891479503016
0.9880952380952381,0.0,0.13345439386337485
0.2857142857142857,0.12820512820512822,0.7205176972630417
0.9047619047619047,0.20512820512820512,0.7205176972630417
0.27380952380952384,0.28205128205128205,0.5712557316219185
0.6190476190476191,0.07692307692307693,0.7868696892783458
0.23809523809523808,0.0,0.42990065412260925
0.11904761904761907,0.20512820512820512,0.7173537346430098
0.5714285714285714,0.0,0.7205176972630417
0.2857142857142857,0.10256410256410256,0.7205176972630417
0.5238095238095238,0.02564102564102564,0.7527657004182845
0.27380952380952384,0.10256410256410256,0.7580599885166336
0.5476190476190476,0.41025641025641024,0.7205176972630417
0.011904761904761918,0.02564102564102564,0.931052847633434
0.5714285714285714,0.0,0.630223355504101
0.13095238095238093,0.0,0.8869963282740342
0.5,0.07692307692307693,0.8288884476795821
0.9047619047619047,0.02564102564102564,0.7205176972630417
0.38095238095238093,0.0,0.23367762192357125
0.2619047619047619,0.1794871794871795,0.45872410541086583
0.27380952380952384,0.05128205128205129,0.37161217210024877
0.9047619047619047,0.0,0.27989951383504197
1.0,0.4871794871794871,0.6049983499368148
0.738095238095238,0.02564102564102564,0.7559449227689939
0.6071428571428571,0.0,0.5122411547222664
0.2619047619047619,0.10256410256410256,0.6890759444934844
0.5357142857142857,0.5641025641025641,0.5675702551292819
0.8571428571428571,0.07692307692307693,0.5738835913960609
0.9880952380952381,0.02564102564102564,0.5099659456471871
0.27380952380952384,0.02564102564102564,0.7606989157877511
0.8928571428571428,0.05128205128205129,0.5590776280945394
0.6309523809523809,0.0,0.37210148961801714
0.9047619047619047,0.23076923076923075,0.7205176972630417
0.2619047619047619,0.10256410256410256,0.6993294773726703
0.976190476190476,0.30769230769230765,0.5469186411528443
0.23809523809523808,0.1794871794871795,0.7037487624526112
0.14285714285714285,0.0,0.7540555668839029
0.13095238095238093,0.28205128205128205,0.7687042375769024
0.13095238095238093,0.0,0.8584899775430428
0.8452380952380952,0.05128205128205129,0.7157806408684433
0.75,0.02564102564102564,0.754600892643938
0.7261904761904762,0.12820512820512822,0.46797351447360314
0.6071428571428571,0.28205128205128205,0.2969365839130913
0.8333333333333333,0.0,0.7018855661058242
0.738095238095238,0.10256410256410256,0.7510683488367726
0.7261904761904762,0.10256410256410256,0.328295162765989
0.35714285714285715,0.02564102564102564,0.7239122327367171
0.7142857142857143,0.0,0.7205176972630417
0.11904761904761907,0.02564102564102564,0.40610016956746897
0.75,0.02564102564102564,0.7519594500325991
0.11904761904761907,0.10256410256410256,0.7205176972630417
0.9642857142857142,0.05128205128205129,0.9689462803819563
0.48809523809523814,0.07692307692307693,0.7889622846533394
0.48809523809523814,0.02564102564102564,0.35093926157660194
0.5714285714285714,0.07692307692307693,0.7205176972630417
0.5714285714285714,0.05128205128205129,0.4410353945260832
0.13095238095238093,0.0,0.7334738793656246
0.6309523809523809,0.30769230769230765,0.26775645738141685
0.11904761904761907,0.23076923076923075,0.7205176972630417
0.5714285714285714,0.02564102564102564,0.7205176972630417
0.5595238095238095,0.0,0.7522426773415473
0.75,0.0,0.7547400748028645
0.5238095238095238,0.0,0.7540555668839029
0.35714285714285715,0.0,0.7242774601368882
0.738095238095238,0.0,0.75305446147572
0.976190476190476,0.30769230769230765,0.3272397260090204
0.976190476190476,0.07692307692307693,0.5861512410353276
0.2619047619047619,0.8974358974358974,0.3776583792354976
0.27380952380952384,0.0,0.7615943769066279
0.8452380952380952,0.07692307692307693,0.7205176972630417
0.976190476190476,0.1794871794871795,0.3854421833958034
0.14285714285714285,0.02564102564102564,0.6791592995146402
0.6071428571428571,0.0,0.5900926114731712
0.14285714285714285,0.02564102564102564,0.7555652740848858
0.11904761904761907,0.0,0.7205176972630417
0.5357142857142857,0.02564102564102564,0.7205176972630417
0.976190476190476,0.20512820512820512,0.2146448809137326
0.2857142857142857,0.02564102564102564,0.4924601838411863
0.14285714285714285,0.8205128205128205,0.6007395435630097
0.9880952380952381,0.02564102564102564,0.7114369836844974
0.13095238095238093,0.02564102564102564,0.8869963282740342
0.976190476190476,0.0,0.3995949966864586
0.40476190476190477,0.10256410256410256,0.24177500516483194
0.9523809523809523,0.0,0.5564737478971757
0.976190476190476,0.07692307692307693,0.5433810666652359
0.14285714285714285,0.1794871794871795,0.7549154778609817
0.9642857142857142,0.28205128205128205,0.4953518189598969
0.9642857142857142,0.0,0.6422626122512497
0.5357142857142857,0.02564102564102564,0.7240554394399983
0.5119047619047619,0.02564102564102564,0.5936311920968683
0.5357142857142857,0.0,0.7205176972630417
0.11904761904761907,0.1794871794871795,0.659815662453416
0.7261904761904762,0.02564102564102564,0.7515712491917376
0.2857142857142857,0.12820512820512822,0.7228663542725906
0.25,0.12820512820512822,0.3526022368417523
0.5357142857142857,0.05128205128205129,0.7156711397241311
0.11904761904761907,0.41025641025641024,0.7205176972630417
0.5357142857142857,0.05128205128205129,0.7205176972630417
0.5476190476190476,0.0,0.7205176972630417
0.2619047619047619,0.07692307692307693,0.70516154521039
0.3928571428571428,0.02564102564102564,0.5505621953084546
0.5357142857142857,0.02564102564102564,0.7205176972630417
0.5714285714285714,0.07692307692307693,0.7205176972630417
0.5357142857142857,0.02564102564102564,0.717490736840411
0.75,0.07692307692307693,0.7540555668839029
0.9523809523809523,0.0,0.7530787764311951
0.976190476190476,0.0,0.5849604789744389
0.5357142857142857,0.28205128205128205,0.7205176972630417
0.035714285714285726,0.02564102564102564,0.7205176972630417
0.38095238095238093,0.02564102564102564,0.7172296445254124
0.035714285714285726,0.07692307692307693,0.5933828441723257
0.2619047619047619,0.0,0.7205176972630417
0.738095238095238,0.0,0.756088129472275
0.5357142857142857,0.41025641025641024,0.7246076404633058
0.5238095238095238,0.2564102564102564,0.7523575445449986
0.7142857142857143,0.0,0.7172036526764564
0.5357142857142857,0.0,0.6131210542696394
0.738095238095238,0.07692307692307693,0.5843596480401813
0.13095238095238093,0.0,0.8882070453673471
0.35714285714285715,0.07692307692307693,0.5401347685752846
0.2619047619047619,0.0,0.6896719124366472
0.7261904761904762,0.10256410256410256,0.7604438602892845
0.11904761904761907,0.05128205128205129,0.7246076404633058
0.4285714285714286,0.02564102564102564,0.8065121487578916
0.41666666666666663,0.0,0.7897472384918156
0.14285714285714285,0.02564102564102564,0.33725849380086026
0.5476190476190476,0.02564102564102564,0.716346257039599
0.8690476190476191,0.02564102564102564,0.46181478778577634
0.27380952380952384,0.2564102564102564,0.49212363131954084
0.2619047619047619,0.41025641025641024,0.6865265633342548
0.48809523809523814,0.05128205128205129,0.7936708338587599
0.7261904761904762,0.0,0.7540555668839029
0.8333333333333333,0.02564102564102564,0.5989429198874202
0.5357142857142857,0.0,0.7205176972630417
0.9523809523809523,0.12820512820512822,0.7094564047940374
0.5357142857142857,0.05128205128205129,0.7205176972630417
0.27380952380952384,0.3589743589743589,0.4703994762726281
0.35714285714285715,0.02564102564102564,0.7205176972630417
0.8809523809523809,0.05128205128205129,0.3775913034962558
0.5357142857142857,0.0,0.7205176972630417
0.8571428571428571,0.15384615384615385,0.4421082709752545
0.5357142857142857,0.05128205128205129,0.7205176972630417
0.976190476190476,0.1794871794871795,0.5445473460813013
0.13095238095238093,0.02564102564102564,0.8935305114122666
0.9523809523809523,0.07692307692307693,0.180461574992018
0.976190476190476,0.02564102564102564,0.583814489969494
0.11904761904761907,0.10256410256410256,0.4848252878219972
0.13095238095238093,0.15384615384615385,0.8882070453673471
0.5595238095238095,0.02564102564102564,0.7552919404474758
0.9880952380952381,0.0,0.672096727240531
0.35714285714285715,0.05128205128205129,0.7251499478150749
0.11904761904761907,0.0,0.7278084947399207
0.5952380952380952,0.05128205128205129,0.40143270425233357
0.976190476190476,0.02564102564102564,0.4832215068967276
0.23809523809523808,0.5897435897435898,0.6361456402111009
0.5357142857142857,0.02564102564102564,0.4093275187610843
0.9166666666666665,0.2564102564102564,0.38203372970623517
0.75,0.05128205128205129,0.41191295313015663
0.5357142857142857,0.02564102564102564,0.7205176972630417
0.976190476190476,0.0,0.540608155604983
0.5119047619047619,0.10256410256410256,0.6214505195686763
0.75,0.0,0.756088129472275
0.27380952380952384,0.02564102564102564,0.42346792303997993
0.035714285714285726,0.20512820512820512,0.6709891390963021
0.011904761904761918,0.07692307692307693,0.49185046537147903
0.27380952380952384,0.05128205128205129,0.7612755994558816
0.8690476190476191,0.28205128205128205,0.7375420229506351
0.25,0.0,0.7624400342891181
0.5714285714285714,0.05128205128205129,0.7205176972630417
0.6309523809523809,0.05128205128205129,0.5077774319650777
0.14285714285714285,0.3589743589743589,0.40998184259738735
0.035714285714285726,0.0,0.7205176972630417
0.976190476190476,0.0,0.5440026910786585
0.738095238095238,0.10256410256410256,0.7309982815195608
0.25,0.05128205128205129,0.3038351560047544
0.2619047619047619,0.3589743589743589,0.6000904180964979
0.035714285714285726,0.41025641025641024,0.7205176972630417
0.40476190476190477,0.41025641025641024,0.1160988817132754
0.27380952380952384,0.43589743589743585,0.5435121997354535
0.4285714285714286,0.0,0.806073473423251
0.13095238095238093,0.02564102564102564,0.9441034388389998
0.35714285714285715,0.0,0.7205176972630417
0.13095238095238093,0.0,0.9966527529224901
0.8690476190476191,0.2564102564102564,0.23134338619795933
0.035714285714285726,0.05128205128205129,0.7205176972630417
0.738095238095238,0.05128205128205129,0.37335815359271074
0.2857142857142857,0.05128205128205129,0.716346257039599
0.23809523809523808,0.8205128205128205,0.373818293163909
0.8571428571428571,0.02564102564102564,0.014116257012768557
0.035714285714285726,0.3333333333333333,0.7171231617893664
0.5714285714285714,0.02564102564102564,0.46949596606504207
0.035714285714285726,0.02564102564102564,0.7205176972630417
0.8809523809523809,0.02564102564102564,0.7205176972630417
0.6071428571428571,0.0,0.583317291052365
0.75,0.0,0.7540555668839029
0.2857142857142857,0.0,0.7205176972630417
0.2619047619047619,0.0,0.5846583027691549
0.059523809523809534,0.02564102564102564,0.7239967481681617
0.25,0.15384615384615385,0.2344615696259589
0.5476190476190476,0.12820512820512822,0.40562594409103003
0.23809523809523808,0.02564102564102564,0.7205176972630417
0.5357142857142857,0.10256410256410256,0.7205176972630417
0.23809523809523808,0.02564102564102564,0.7045977736220632
0.14285714285714285,0.2564102564102564,0.5045967004102353
0.11904761904761907,0.02564102564102564,0.7205176972630417
0.38095238095238093,0.30769230769230765,0.32197344203180467
0.5357142857142857,0.10256410256410256,0.429064219654265
0.9166666666666665,0.02564102564102564,0.3059012564627476
0.035714285714285726,0.30769230769230765,0.7186335397477417
0.27380952380952384,0.43589743589743585,0.7639926699632158
0.11904761904761907,0.2564102564102564,0.31721425064325637
0.3928571428571428,0.0,0.7205176972630417
0.14285714285714285,0.43589743589743585,0.753107451309721
0.25,0.0,0.45790980593647135
0.14285714285714285,0.02564102564102564,0.7580599885166336
0.976190476190476,0.28205128205128205,0.5417311711692375
0.9047619047619047,0.07692307692307693,0.7240554394399983
0.047619047619047616,0.07692307692307693,0.6289227569202042
0.6309523809523809,0.0,0.7205176972630417
0.9047619047619047,0.0,0.7242112228443871
0.976190476190476,0.05128205128205129,0.5828623498509578
0.75,0.0,0.7501100042123565
0.976190476190476,0.02564102564102564,0.5386859326076634
0.40476190476190477,0.15384615384615385,0.7166539669933704
0.8928571428571428,0.0,0.7489397002519367
0.13095238095238093,0.05128205128205129,0.5932143163774809
0.14285714285714285,0.10256410256410256,0.7549154778609817
0.976190476190476,0.05128205128205129,0.14454117511329098
0.0,0.05128205128205129,0.4922383308336443
0.11904761904761907,0.12820512820512822,0.7227536670306643
0.035714285714285726,0.05128205128205129,0.7205176972630417
0.13095238095238093,0.20512820512820512,0.6406657065892525
0.35714285714285715,0.10256410256410256,0.5596727575909616
0.75,0.0,0.7510066391566703
0.8690476190476191,0.0,0.4784309576000838
0.976190476190476,0.0,0.5445473460813013
0.5119047619047619,0.05128205128205129,0.7523575445449986
0.27380952380952384,0.5128205128205128,0.5208875528892206
0.4285714285714286,0.12820512820512822,0.8129180495448242
0.011904761904761918,0.23076923076923075,0.5141308459860536
0.738095238095238,0.0,0.7564905839077254
0.035714285714285726,0.0,0.4320331595624518
0.4285714285714286,0.05128205128205129,0.38093167531049366
0.976190476190476,0.12820512820512822,0.41161631067336
0.8333333333333333,0.05128205128205129,0.7205176972630417
0.035714285714285726,0.12820512820512822,0.7227536670306643
0.8452380952380952,0.0,0.7267284076487809
0.5357142857142857,0.05128205128205129,0.7205176972630417
0.6190476190476191,0.4871794871794871,0.4845103672262573
0.7142857142857143,0.4615384615384615,0.26247742901374516
0.5714285714285714,0.07692307692307693,0.7205176972630417
0.36904761904761907,0.5384615384615384,0.7496304126767783
0.035714285714285726,0.5897435897435898,0.5155640868443012
0.3928571428571428,0.0,0.28376022569644743
0.13095238095238093,0.0,0.46732975506623076
0.5595238095238095,0.05128205128205129,0.7515712491917376
0.40476190476190477,0.0,0.7205176972630417
0.38095238095238093,0.07692307692307693,0.8644934238945248
0.6190476190476191,0.07692307692307693,0.3002489516061957
0.035714285714285726,0.15384615384615385,0.6709891390963021
0.5357142857142857,0.0,0.7205176972630417
0.23809523809523808,0.02564102564102564,0.7205176972630417
0.41666666666666663,0.07692307692307693,0.5027393731906322
0.6190476190476191,0.0,0.7884997974312676
0.6309523809523809,0.0,0.7205176972630417
0.3928571428571428,0.07692307692307693,0.47484810698848723
0.5238095238095238,0.15384615384615385,0.6356117173267367
0.035714285714285726,0.05128205128205129,0.7172036526764564
0.5357142857142857,0.30769230769230765,0.7205176972630417
0.035714285714285726,0.10256410256410256,0.7205176972630417
0.25,0.12820512820512822,0.4184052139313629
0.8333333333333333,0.05128205128205129,0.22775584028461585
0.6190476190476191,0.6153846153846153,0.3453012103146389
0.035714285714285726,0.15384615384615385,0.6597606603472378
0.8452380952380952,0.05128205128205129,0.7172296445254124
0.2857142857142857,0.02564102564102564,0.7205176972630417
0.035714285714285726,0.10256410256410256,0.7230660722861829
0.2619047619047619,0.02564102564102564,0.29735178273899765
0.7261904761904762,0.12820512820512822,0.7552919404474758
0.38095238095238093,0.4871794871794871,0.09987225425461416
0.9523809523809523,0.0,0.7564511769109209
0.6190476190476191,0.05128205128205129,0.7927019248054136
0.976190476190476,0.07692307692307693,0.5413245245000846
0.9047619047619047,0.0,0.7242774601368882
0.5357142857142857,0.3846153846153846,0.18778289193025202
0.4285714285714286,0.5384615384615384,0.391127858432628
0.047619047619047616,0.07692307692307693,0.4164331871976562
0.25,0.02564102564102564,0.8240296488182598
0.11904761904761907,0.3589743589743589,0.4518263717659434
0.6309523809523809,0.0,0.7205176972630417
0.6309523809523809,0.0,0.7205176972630417
0.48809523809523814,0.0,0.7911238003504041
0.40476190476190477,0.05128205128205129,0.7205176972630417
0.976190476190476,0.3333333333333333,0.5413624222927562
0.36904761904761907,0.07692307692307693,0.8281781156010123
0.25,0.0,0.3551943787847486
0.23809523809523808,0.07692307692307693,0.6524086562583007
0.14285714285714285,0.02564102564102564,0.7506157552862393
0.41666666666666663,0.0,0.794810450668477
0.8333333333333333,0.02564102564102564,0.7012431482132366
0.40476190476190477,0.15384615384615385,0.7205176972630417
0.2619047619047619,0.0,0.6829752383201018
0.5357142857142857,0.0,0.7230816673955566
0.976190476190476,0.1794871794871795,0.5445473460813013
0.5595238095238095,0.5128205128205128,0.7512460995457633
0.8928571428571428,0.05128205128205129,0.3634014308596696
0.5357142857142857,0.20512820512820512,0.7205176972630417
0.40476190476190477,0.05128205128205129,0.7205176972630417
0.8571428571428571,0.02564102564102564,0.1753473852535329
0.976190476190476,0.3589743589743589,0.5423477649022171
0.7142857142857143,0.1794871794871795,0.7205176972630417
0.5357142857142857,0.05128205128205129,0.7174464668525113
0.5595238095238095,0.0,0.7471350274876379
0.40476190476190477,0.1794871794871795,0.35013586190983415
0.5595238095238095,0.1794871794871795,0.7529040441304705
0.23809523809523808,0.43589743589743585,0.42904040776683416
0.5357142857142857,0.3589743589743589,0.7170094684113516
0.2619047619047619,0.0,0.7085398148172992
0.41666666666666663,0.10256410256410256,0.3894387236291731
0.47619047619047616,0.923076923076923,0.7205176972630417
0.7261904761904762,0.02564102564102564,0.7523575445449986
0.5357142857142857,0.0,0.7205176972630417
0.5238095238095238,0.07692307692307693,0.7561273687797314
0.14285714285714285,0.30769230769230765,0.6662052973735826
0.8809523809523809,0.0,0.5454573961734634
0.5238095238095238,0.12820512820512822,0.5311910571941414
0.48809523809523814,0.2564102564102564,0.6741946886746641
0.9523809523809523,0.0,0.7543012317788758
0.6071428571428571,0.10256410256410256,0.5672531545720166
0.5952380952380952,0.0,0.9207438095800254
0.9523809523809523,0.0,0.7518029958708177
0.5952380952380952,0.5384615384615384,0.9140053808158021
0.2619047619047619,0.10256410256410256,0.58556986206545
0.27380952380952384,0.1794871794871795,0.49380169862602075
0.5357142857142857,0.07692307692307693,0.724953918967141
0.5357142857142857,0.0,0.7205176972630417
0.8928571428571428,0.02564102564102564,0.7600256430551123
0.8452380952380952,0.02564102564102564,0.7205176972630417
0.6309523809523809,0.05128205128205129,0.3207028598412184
0.9880952380952381,0.07692307692307693,0.7063066957685943
0.75,0.28205128205128205,0.7592153681250723
0.27380952380952384,0.05128205128205129,0.5400187275463963
0.27380952380952384,0.0,0.7635999415099556
0.13095238095238093,0.05128205128205129,0.854669175746486
0.0,0.02564102564102564,0.8729625744205328
0.9523809523809523,0.30769230769230765,0.6799821511457881
0.5119047619047619,0.02564102564102564,0.7099044707321721
0.14285714285714285,0.07692307692307693,0.7543564015744019
0.8809523809523809,0.05128205128205129,0.3066010241123869
0.5119047619047619,0.15384615384615385,0.7543942993670736
0.5238095238095238,0.05128205128205129,0.7508230193204962
0.5714285714285714,0.0,0.7205176972630417
0.059523809523809534,0.05128205128205129,0.7227536670306643
0.23809523809523808,0.30769230769230765,0.6708900346915725
0.0,0.23076923076923075,0.3027154942274619
0.8452380952380952,0.02564102564102564,0.5497229101211925
0.13095238095238093,0.02564102564102564,0.8894355375315594
0.8571428571428571,0.0,0.7540555668839029
0.5357142857142857,0.0,0.7155564402100278
0.7142857142857143,0.05128205128205129,0.7205176972630417
0.13095238095238093,0.05128205128205129,0.5965449622095287
0.8571428571428571,0.05128205128205129,0.5422971227190897
0.738095238095238,0.0,0.7592153681250723
0.5119047619047619,0.05128205128205129,0.7543942993670736
0.11904761904761907,0.10256410256410256,0.60199385988683
0.9523809523809523,0.05128205128205129,0.59124178657573
0.27380952380952384,0.07692307692307693,0.7619223772715202
0.8690476190476191,0.05128205128205129,0.41256962461733293
0.023809523809523836,0.0,0.7255383163452845
0.9523809523809523,0.0,0.7182205208833607
0.13095238095238093,0.0,0.7224363987840512
0.035714285714285726,0.0,0.7240554394399983
0.11904761904761907,0.05128205128205129,0.7205176972630417
0.38095238095238093,0.10256410256410256,0.24082286504629571
0.11904761904761907,0.0,0.7205176972630417
0.9047619047619047,0.0,0.5776433542699075
0.5714285714285714,0.02564102564102564,0.5408504667129939
0.2857142857142857,0.0,0.718014933742585
0.4285714285714286,0.0,0.8109975034409856
0.38095238095238093,0.15384615384615385,0.49017524878391694
0.5238095238095238,0.0,0.7561273687797314
0.8928571428571428,0.3589743589743589,0.0
0.9523809523809523,0.02564102564102564,0.5514482658238378
0.738095238095238,0.02564102564102564,0.5841109647369425
0.8571428571428571,0.02564102564102564,0.5738835913960609
0.41666666666666663,0.28205128205128205,0.3055633624263173
0.976190476190476,0.0,0.46114201812118183
0.40476190476190477,0.05128205128205129,0.7205176972630417
0.5952380952380952,0.0,0.9146025225844016
0.35714285714285715,0.23076923076923075,0.7205176972630417
0.75,0.05128205128205129,0.7575079551826741
0.14285714285714285,0.2564102564102564,0.7567297089181221
0.976190476190476,0.0,0.2099440454183246
0.36904761904761907,0.0,0.4815603762144064
0.75,0.12820512820512822,0.3897294969587861
0.738095238095238,0.28205128205128205,0.7099044707321721
0.8928571428571428,0.02564102564102564,0.7558208326513969
0.25,0.12820512820512822,0.5081111337678055
0.976190476190476,0.02564102564102564,0.3854421833958034
0.011904761904761918,0.02564102564102564,0.4893409942770981
0.6309523809523809,0.02564102564102564,0.63132121766614
0.5714285714285714,0.15384615384615385,0.2988987169752598
0.8571428571428571,0.0,0.5586394558279428
0.2619047619047619,0.20512820512820512,0.4441408335636269
0.7261904761904762,0.10256410256410256,0.2912649947815076
0.11904761904761907,0.02564102564102564,0.7205176972630417
0.5714285714285714,0.07692307692307693,0.7205176972630417
0.6071428571428571,0.05128205128205129,0.5647000842471286
1.0,0.28205128205128205,0.6566361047240103
0.7261904761904762,0.02564102564102564,0.7537600982525431
0.14285714285714285,0.28205128205128205,0.7537015746700546
0.059523809523809534,0.0,0.44722648525809405
0.41666666666666663,0.28205128205128205,0.5528283491587362
0.11904761904761907,0.05128205128205129,0.7205176972630417
0.25,0.10256410256410256,0.28452539219184736
1.0,0.10256410256410256,0.5100709191791004
0.9166666666666665,0.0,0.7512863449893082
0.25,0.10256410256410256,0.5885399757990734
0.14285714285714285,0.20512820512820512,0.7536479140786614
0.9642857142857142,0.10256410256410256,0.6375944761787221
0.0,0.02564102564102564,0.8695749142101298
0.5714285714285714,0.05128205128205129,0.7266378554008045
0.5119047619047619,0.1794871794871795,0.4159390066887928
0.13095238095238093,0.07692307692307693,0.8860005889249908
0.40476190476190477,0.02564102564102564,0.7242774601368882
0.6071428571428571,0.10256410256410256,0.5590776280945394
0.23809523809523808,0.02564102564102564,0.49650518629615836
0.8809523809523809,0.02564102564102564,0.4549463997767721
0.5357142857142857,0.05128205128205129,0.7144857437223818
0.0,0.0,0.8726409462508691
0.5952380952380952,0.02564102564102564,0.6619028917692703
0.9523809523809523,0.02564102564102564,0.75444326465672
0.14285714285714285,0.12820512820512822,0.7540555668839029
0.976190476190476,0.0,0.5429643586351967
0.2857142857142857,0.3589743589743589,0.4206566111190112
0.9642857142857142,0.15384615384615385,0.7890977776466075
0.5714285714285714,0.02564102564102564,0.7205176972630417
0.5238095238095238,0.5128205128205128,0.7494296885270976
0.8333333333333333,0.02564102564102564,0.5585683555443466
0.75,0.05128205128205129,0.7515712491917376
0.9880952380952381,0.0,0.7555652740848858
0.11904761904761907,0.07692307692307693,0.724179026489551
0.8571428571428571,0.05128205128205129,0.7229339330798767
0.48809523809523814,0.02564102564102564,0.7938420446831749
0.5119047619047619,0.02564102564102564,0.7515712491917376
0.976190476190476,0.05128205128205129,0.5400925108595623
0.48809523809523814,0.6153846153846153,0.4834884683389097
0.5357142857142857,0.02564102564102564,0.7205176972630417
0.976190476190476,0.07692307692307693,0.5406328059391543
0.75,0.0,0.7540555668839029
0.75,0.20512820512820512,0.4895494321367918
0.5952380952380952,0.07692307692307693,0.9107535489773636
0.14285714285714285,0.02564102564102564,0.7559449227689939
0.5357142857142857,0.05128205128205129,0.7253087496277297
0.976190476190476,0.05128205128205129,0.31164545508206054
0.6190476190476191,0.0,0.7926422273974884
0.27380952380952384,0.02564102564102564,0.7630195686761665
0.41666666666666663,0.15384615384615385,0.6899670456893108
0.8333333333333333,0.20512820512820512,0.7061113376780527
0.13095238095238093,0.02564102564102564,0.8868492647157468
0.035714285714285726,0.3333333333333333,0.722640309031346
0.2857142857142857,0.0,0.7205176972630417
0.5119047619047619,0.02564102564102564,0.7504621518433756
0.14285714285714285,0.02564102564102564,0.7538333784976646
0.14285714285714285,0.12820512820512822,0.7555652740848858
0.40476190476190477,0.02564102564102564,0.7116920391829641
0.5119047619047619,0.0,0.7099044707321721
0.7142857142857143,0.15384615384615385,0.7205176972630417
0.35714285714285715,0.0,0.7205176972630417
0.8571428571428571,0.10256410256410256,0.6371363488797012
0.035714285714285726,0.41025641025641024,0.7205176972630417
0.2619047619047619,0.05128205128205129,0.7012431482132366
0.2619047619047619,0.12820512820512822,0.7242774601368882
0.25,0.02564102564102564,0.5889229782701437
0.8333333333333333,0.02564102564102564,0.14292112832125528
0.27380952380952384,0.2564102564102564,0.45412153587344695
0.5357142857142857,0.30769230769230765,0.5203479285670208
0.5357142857142857,0.0,0.7236816598830736
0.35714285714285715,0.02564102564102564,0.7205176972630417
0.27380952380952384,0.5384615384615384,0.5427669882724778
0.2619047619047619,0.12820512820512822,0.7028289863782591
0.5952380952380952,0.05128205128205129,0.8295533359448157
0.25,0.05128205128205129,0.16455842028585002
0.2619047619047619,0.3589743589743589,0.6835691939910872
0.4285714285714286,0.0,0.8058685570398674
0.23809523809523808,0.05128205128205129,0.7205176972630417
0.27380952380952384,0.12820512820512822,0.7631505340570359
0.6190476190476191,0.0,0.5515998569945242
0.047619047619047616,0.05128205128205129,0.8912651960087253
0.976190476190476,0.0,0.5466934343583403
0.11904761904761907,0.28205128205128205,0.7230975978836265
0.13095238095238093,0.7692307692307692,0.616774837475484
0.25,0.02564102564102564,0.8232950017842149
0.8809523809523809,0.0,0.6908620037401434
0.23809523809523808,0.43589743589743585,0.4519687400224839
0.8571428571428571,0.02564102564102564,0.7559449227689939
0.4285714285714286,0.02564102564102564,0.8069942556336914
0.23809523809523808,0.4871794871794871,0.29314797847137075
0.8571428571428571,0.12820512820512822,0.3409588946454779
0.5595238095238095,0.10256410256410256,0.4564763973888757
0.6071428571428571,0.07692307692307693,0.5855951831570138
0.35714285714285715,0.05128205128205129,0.7205176972630417
0.0,0.15384615384615385,0.5993549326157125
0.2857142857142857,0.02564102564102564,0.7248174198377841
0.023809523809523836,0.0,0.8529040776683402
0.976190476190476,0.20512820512820512,0.34613479406406544
0.9523809523809523,0.02564102564102564,0.3661741742305743
0.9166666666666665,0.02564102564102564,0.7527657004182845
0.047619047619047616,0.12820512820512822,0.8867295345212002
0.13095238095238093,0.10256410256410256,0.8904731992176288
0.5119047619047619,0.05128205128205129,0.7425820939972582
0.13095238095238093,0.10256410256410256,0.6549600496897078
0.5714285714285714,0.05128205128205129,0.7175125364556645
0.5952380952380952,0.07692307692307693,0.6629526270884032
0.5952380952380952,0.0,0.40308109054419894
0.6071428571428571,0.15384615384615385,0.5842184536090774
0.75,0.10256410256410256,0.7575079551826741
0.2619047619047619,0.0,0.7255383163452845
0.976190476190476,0.8461538461538461,0.4971930480020822
0.8571428571428571,0.05128205128205129,0.5471679952134754
0.976190476190476,0.0,0.544443881753521
0.5714285714285714,0.0,0.7174464668525113
0.27380952380952384,0.9999999999999999,0.7636378393026271
0.4285714285714286,0.15384615384615385,0.37925511720814686
0.38095238095238093,0.07692307692307693,0.23297651275914713
0.25,0.15384615384615385,0.23549688366115493
0.5952380952380952,0.0,0.9140053808158021
0.6190476190476191,0.41025641025641024,0.7923846565588
0.976190476190476,0.02564102564102564,0.31051589963323
0.8690476190476191,0.43589743589743585,0.45767722081065065
0.6309523809523809,0.1794871794871795,0.7276839015542791
0.14285714285714285,0.02564102564102564,0.7529040441304705
0.36904761904761907,0.23076923076923075,0.8292052128581512
0.41666666666666663,0.0,0.3282829214435774
0.14285714285714285,0.02564102564102564,0.7554529222216559
0.5119047619047619,0.10256410256410256,0.715177294593964
0.27380952380952384,0.0,0.7691232932578151
0.11904761904761907,0.0,0.4970793546240674
0.35714285714285715,0.0,0.7147352654723609
0.738095238095238,0.05128205128205129,0.7560450333098123
0.035714285714285726,0.0,0.7205176972630417
0.35714285714285715,0.07692307692307693,0.374689607016659
0.035714285714285726,0.02564102564102564,0.6114382916614126
0.7261904761904762,0.23076923076923075,0.755321118394046
0.13095238095238093,0.30769230769230765,0.4345734854968838
0.8333333333333333,0.10256410256410256,0.3574788107739736
0.5476190476190476,0.0,0.24822802665858182
0.035714285714285726,0.2564102564102564,0.7205176972630417
0.011904761904761918,0.02564102564102564,0.36586025977092296
0.40476190476190477,0.02564102564102564,0.3158620037401433
0.976190476190476,0.1794871794871795,0.5478962700522924
0.35714285714285715,0.1794871794871795,0.4740924987859292
0.2857142857142857,0.1794871794871795,0.3833844674052155
0.7142857142857143,0.4615384615384615,0.7177865408504668
0.9880952380952381,0.02564102564102564,0.583938077019047
0.5595238095238095,0.10256410256410256,0.75444326465672
0.976190476190476,0.02564102564102564,0.5459839407265109
0.2857142857142857,0.0,0.7205176972630417
0.7142857142857143,0.2564102564102564,0.5157555880798363
0.047619047619047616,0.12820512820512822,0.46810112606751053
0.5714285714285714,0.02564102564102564,0.21822236546618987
0.059523809523809534,0.0,0.7172036526764564
0.8928571428571428,0.10256410256410256,0.3250238789631702
0.059523809523809534,0.05128205128205129,0.7205176972630417
0.75,0.05128205128205129,0.7554529222216559
0.4285714285714286,0.05128205128205129,0.35504094303123324
0.5357142857142857,0.07692307692307693,0.7205176972630417
0.976190476190476,0.10256410256410256,0.3164616608489643
0.2619047619047619,0.7948717948717948,0.4272338904197065
0.5357142857142857,0.28205128205128205,0.7205176972630417
0.35714285714285715,0.3846153846153846,0.4728626651069323
0.5714285714285714,0.1794871794871795,0.7174464668525113
0.035714285714285726,0.1794871794871795,0.7205176972630417
0.25,0.6923076923076923,0.04303646505488137
0.5952380952380952,0.10256410256410256,0.4705322862363267
0.75,0.43589743589743585,0.7558738224853977
0.9523809523809523,0.0,0.5149840493892085
0.0,0.0,0.8721517964224486
0.11904761904761907,0.05128205128205129,0.4317194127921484
0.8452380952380952,0.23076923076923075,0.7017814310206515
0.976190476190476,0.02564102564102564,0.5452061975300031
0.059523809523809534,0.02564102564102564,0.7205176972630417
0.14285714285714285,0.12820512820512822,0.753269606909338
0.2619047619047619,0.1794871794871795,0.5793505995229574
0.8571428571428571,0.07692307692307693,0.747564312218785
0.011904761904761918,0.0,0.21395618076106823
0.976190476190476,0.10256410256410256,0.5400925108595623
0.8690476190476191,0.0,0.8917498182247469
0.976190476190476,0.02564102564102564,0.5445473460813013
0.011904761904761918,0.1794871794871795,0.49416893829836905
0.738095238095238,0.02564102564102564,0.7543942993670736
0.13095238095238093,0.5128205128205128,0.34675222624378554
0.6071428571428571,0.0,0.5596036695795427
0.27380952380952384,0.15384615384615385,0.43293448980851235
0.8690476190476191,0.0,0.8909336741675232
0.976190476190476,0.02564102564102564,0.1418953725789012
0.976190476190476,0.05128205128205129,0.5435977213029867
0.976190476190476,0.05128205128205129,0.30965481483071433
0.976190476190476,0.4871794871794871,0.4379301231778876
0.41666666666666663,0.07692307692307693,0.32846620590105535
0.5357142857142857,0.28205128205128205,0.7205176972630417
0.6309523809523809,0.05128205128205129,0.7205176972630417
0.36904761904761907,0.10256410256410256,0.8316370437843598
0.6071428571428571,0.0,0.1871937992503616
0.75,0.07692307692307693,0.7520382640262081
0.75,0.4871794871794871,0.7550928931912759
0.23809523809523808,0.02564102564102564,0.7205176972630417
0.5476190476190476,0.02564102564102564,0.2780041211334191
0.47619047619047616,0.02564102564102564,0.717490736840411
0.6309523809523809,0.0,0.7130977789881224
0.5476190476190476,0.23076923076923075,0.7205176972630417
0.25,0.07692307692307693,0.6836629323366774
0.36904761904761907,0.0,0.8325368648262875
0.5119047619047619,0.43589743589743585,0.39061053679372626
0.40476190476190477,0.05128205128205129,0.2764514854593214
0.7142857142857143,0.07692307692307693,0.7166539669933704
0.23809523809523808,0.0,0.29314797847137075
0.5119047619047619,0.15384615384615385,0.7552463289447914
0.23809523809523808,0.02564102564102564,0.7272252711872139
0.011904761904761918,0.02564102564102564,0.9301293823934237
0.976190476190476,0.02564102564102564,0.5376984100366772
0.035714285714285726,0.02564102564102564,0.7230660722861829
0.3928571428571428,0.10256410256410256,0.5485286265839938
0.8809523809523809,0.0,0.7176755305020217
0.27380952380952384,0.07692307692307693,0.7026784013436614
0.2619047619047619,0.02564102564102564,0.314560902088202
0.976190476190476,0.05128205128205129,0.5012316782618264
0.27380952380952384,0.2564102564102564,0.7013165961477064
0.75,0.05128205128205129,0.6334891055584325
0.738095238095238,0.0,0.5702757550715967
0.5357142857142857,0.0,0.7205176972630417
0.8333333333333333,0.0,0.7255383163452845
0.23809523809523808,0.02564102564102564,0.40909459825656747
0.011904761904761918,0.10256410256410256,0.35666350516349055
0.7142857142857143,0.15384615384615385,0.7205176972630417
0.2619047619047619,0.12820512820512822,0.6869798276421806
0.8928571428571428,0.0,0.7481587709578149
0.38095238095238093,0.02564102564102564,0.4284271678208167
0.36904761904761907,0.23076923076923075,0.15150447529332225
0.27380952380952384,0.02564102564102564,0.7549154778609817
0.8452380952380952,0.23076923076923075,0.7172553009956725
0.41666666666666663,0.02564102564102564,0.787593436504764
0.2619047619047619,0.2564102564102564,0.35046252075994133
0.5476190476190476,0.3333333333333333,0.49844266902415546
0.6190476190476191,0.0,0.5565409913257655
0.35714285714285715,0.02564102564102564,0.7205176972630417
0.13095238095238093,0.28205128205128205,0.8882070453673471
0.976190476190476,0.10256410256410256,0.5389186854228322
0.5952380952380952,0.05128205128205129,0.43299284570165264
0.27380952380952384,0.10256410256410256,0.7002653516244404
0.8928571428571428,0.0,0.5344794453104669
0.9166666666666665,0.05128205128205129,0.554598142538629
0.27380952380952384,0.43589743589743585,0.48395011711424085
0.035714285714285726,0.1794871794871795,0.7205176972630417
0.5238095238095238,0.02564102564102564,0.38513900105443066
0.27380952380952384,0.07692307692307693,0.5712557316219185
0.27380952380952384,0.07692307692307693,0.49212363131954084
0.75,0.0,0.7573724621894059
0.9642857142857142,0.05128205128205129,0.43830876572590716
0.11904761904761907,0.0,0.7205176972630417
0.9166666666666665,0.0,0.23364039488829216
0.035714285714285726,0.07692307692307693,0.5515408303439914
0.41666666666666663,0.10256410256410256,0.25192775674580714
0.976190476190476,0.02564102564102564,0.3854421833958034
0.2619047619047619,0.4871794871794871,0.6835691939910872
0.23809523809523808,0.23076923076923075,0.4310761564528204
0.75,0.3333333333333333,0.11688517706653648
0.5238095238095238,0.0,0.722640309031346
0.25,0.07692307692307693,0.5868521825104036
0.23809523809523808,0.10256410256410256,0.046197073887951356
0.14285714285714285,0.12820512820512822,0.7520382640262081
0.9642857142857142,0.05128205128205129,0.46898367510658345
0.7142857142857143,0.05128205128205129,0.5635891423159376
0.976190476190476,0.1794871794871795,0.5420531347175979
0.5595238095238095,0.0,0.7540555668839029
0.2619047619047619,0.3846153846153846,0.37346832549441533
0.2619047619047619,0.05128205128205129,0.46348849516920543
0.7261904761904762,0.8461538461538461,0.75305446147572
0.7261904761904762,0.02564102564102564,0.4951287921269182
0.11904761904761907,0.0,0.7240554394399983
0.2857142857142857,0.0,0.7536479140786614
0.6309523809523809,0.641025641025641,0.28601900121541246
0.36904761904761907,0.30769230769230765,0.40564254533649224
0.23809523809523808,0.02564102564102564,0.7205176972630417
0.8690476190476191,0.05128205128205129,0.6778189585552424
0.13095238095238093,0.02564102564102564,0.6406657065892525
0.23809523809523808,0.3333333333333333,0.34368770340717936
0.36904761904761907,0.12820512820512822,0.8283179685173312
0.738095238095238,0.0,0.7543942993670736
0.6309523809523809,0.28205128205128205,0.7205176972630417
0.2619047619047619,0.05128205128205129,0.26958829582010835
0.36904761904761907,0.12820512820512822,0.7455875901833316
0.976190476190476,0.07692307692307693,0.23001428042488456
0.35714285714285715,0.0,0.7205176972630417
0.11904761904761907,0.0,0.7205176972630417
0.2619047619047619,0.3589743589743589,0.6855824723044275
0.035714285714285726,0.0,0.39761173476642897
0.5119047619047619,0.2564102564102564,0.7422955129013478
0.41666666666666663,0.0,0.4441846004834821
0.4285714285714286,0.02564102564102564,0.5666000045611503
0.6309523809523809,0.0,0.6340411388923919
0.11904761904761907,0.02564102564102564,0.7161733693217035
0.2619047619047619,0.23076923076923075,0.7020497339776183
0.5357142857142857,0.0,0.7205176972630417
0.14285714285714285,0.10256410256410256,0.7357621682098561
0.75,0.02564102564102564,0.7540555668839029
0.8333333333333333,0.02564102564102564,0.7178217556135688
0.7142857142857143,0.07692307692307693,0.7238057500006709
0.7142857142857143,0.0,0.7205176972630417
0.5357142857142857,0.8461538461538461,0.46949596606504207
0.5714285714285714,0.0,0.7252017638236393
0.7142857142857143,0.0,0.7171231617893664
0.23809523809523808,0.30769230769230765,0.7161733693217035
0.023809523809523836,0.10256410256410256,0.7205176972630417
0.48809523809523814,0.0,0.7841239438924859
0.8928571428571428,0.20512820512820512,0.43504117108874674
0.75,0.02564102564102564,0.7503439308529621
0.5714285714285714,0.0,0.43983591261909305
0.25,0.15384615384615385,0.14381591868273988
0.9880952380952381,0.05128205128205129,0.3543158542900302
0.2619047619047619,0.07692307692307693,0.7205176972630417
0.6309523809523809,0.12820512820512822,0.21611350422443013
0.2619047619047619,0.15384615384615385,0.6847805818417927
0.2619047619047619,0.10256410256410256,0.5080081725080693
0.13095238095238093,0.02564102564102564,0.886791914958695
0.035714285714285726,0.5897435897435898,0.49260389361251167
0.75,0.02564102564102564,0.7519292659499401
0.5714285714285714,0.23076923076923075,0.7174238287905172
0.976190476190476,0.02564102564102564,0.2122843179604683
0.3928571428571428,0.05128205128205129,0.7205176972630417
0.2619047619047619,0.05128205128205129,0.3455339631298079
0.8809523809523809,0.3589743589743589,0.7245682334665012
0.976190476190476,0.1794871794871795,0.5424691719902447
0.5714285714285714,0.0,0.7205176972630417
0.5238095238095238,0.10256410256410256,0.7549743368221664
0.5238095238095238,0.02564102564102564,0.7604438602892845
0.8928571428571428,0.0,0.7573724621894059
0.5238095238095238,0.10256410256410256,0.722640309031346
0.2619047619047619,0.12820512820512822,0.5440026910786585
0.8333333333333333,0.12820512820512822,0.42321991049413377
0.7142857142857143,0.07692307692307693,0.38210013468808446
0.5238095238095238,0.1794871794871795,0.7554529222216559
0.23809523809523808,0.2564102564102564,0.37507764016817235
0.2619047619047619,0.12820512820512822,0.7097683069815115
0.8809523809523809,0.05128205128205129,0.7205176972630417
0.9642857142857142,0.02564102564102564,0.5719321904521711
0.7142857142857143,0.20512820512820512,0.29192921228934865
0.976190476190476,0.0,0.5422055643350246
0.976190476190476,0.02564102564102564,0.5350205788367994
0.2619047619047619,0.0,0.28881740105657705
0.9642857142857142,0.10256410256410256,0.9695108904170237
0.27380952380952384,0.0,0.767621467456193
0.2619047619047619,0.02564102564102564,0.3595197578297512
0.4285714285714286,0.02564102564102564,0.8146289839635324
0.41666666666666663,0.02564102564102564,0.787593436504764
0.5952380952380952,0.23076923076923075,0.34996180036650193
0.5357142857142857,0.02564102564102564,0.724529497227089
0.7261904761904762,0.07692307692307693,0.7512863449893082
0.976190476190476,0.02564102564102564,0.5413245245000846
0.059523809523809534,0.10256410256410256,0.7205176972630417
0.40476190476190477,0.0,0.7205176972630417
0.14285714285714285,0.5641025641025641,0.7524309924794683
0.9642857142857142,0.0,0.9747563809150742
0.5714285714285714,0.10256410256410256,0.2083442890374095
0.976190476190476,0.12820512820512822,0.5424913069841943
0.8928571428571428,0.10256410256410256,0.34197844588195214
0.14285714285714285,0.0,0.7540555668839029
0.5357142857142857,0.717948717948718,0.7205176972630417
0.5357142857142857,0.05128205128205129,0.7178217556135688
0.3928571428571428,0.12820512820512822,0.7205176972630417
0.8333333333333333,0.02564102564102564,0.2532751406578253
0.976190476190476,0.07692307692307693,0.5446038573916125
0.41666666666666663,0.0,0.7923846565588
0.14285714285714285,0.20512820512820512,0.7515712491917376
0.3928571428571428,0.07692307692307693,0.7245682334665012
0.011904761904761918,0.0,0.8500339067861868
0.5357142857142857,0.0,0.7205176972630417
0.5595238095238095,0.20512820512820512,0.34787473873999564
0.5357142857142857,0.0,0.7262999613643744
0.75,0.0,0.1752454301298855
0.14285714285714285,0.05128205128205129,0.7543012317788758
0.40476190476190477,0.10256410256410256,0.7205176972630417
0.6190476190476191,0.07692307692307693,0.7889622846533394
0.14285714285714285,0.0,0.7494296885270976
0.11904761904761907,0.07692307692307693,0.7205176972630417
0.5714285714285714,0.02564102564102564,0.7205176972630417
0.8452380952380952,0.0,0.7166539669933704
0.5119047619047619,0.05128205128205129,0.7523575445449986
0.40476190476190477,0.1794871794871795,0.7245682334665012
0.2857142857142857,0.10256410256410256,0.7227776466074434
0.9047619047619047,0.23076923076923075,0.5011771792236923
0.8928571428571428,0.0,0.33538506840383897
0.14285714285714285,0.4871794871794871,0.7525195324552674
0.8690476190476191,0.15384615384615385,0.5682319572969015
0.6071428571428571,0.02564102564102564,0.5863662187795973
0.3928571428571428,0.0,0.7178217556135688
0.035714285714285726,0.0,0.7205176972630417
0.035714285714285726,0.02564102564102564,0.7037859894878903
0.6190476190476191,0.15384615384615385,0.7936708338587599
0.8333333333333333,0.02564102564102564,0.50414427454905
0.976190476190476,0.07692307692307693,0.5435121997354535
0.6190476190476191,0.07692307692307693,0.3120437172838082
0.047619047619047616,0.0,0.8863643071210289
0.5357142857142857,0.10256410256410256,0.7205176972630417
0.23809523809523808,0.02564102564102564,0.7205176972630417
0.75,0.28205128205128205,0.750010899807627
0.976190476190476,0.02564102564102564,0.4693374996310835
0.9523809523809523,0.05128205128205129,0.7527657004182845
0.6190476190476191,0.1794871794871795,0.455491390158111
0.738095238095238,0.0,0.7527657004182845
0.23809523809523808,0.30769230769230765,0.7233031850244023
0.8928571428571428,0.05128205128205129,0.7437158416797913
0.5714285714285714,0.02564102564102564,0.7243814275327131
0.059523809523809534,0.02564102564102564,0.7031705695803474
0.0,0.10256410256410256,0.44735862446440033
0.976190476190476,0.3589743589743589,0.4097889998470675
0.5714285714285714,0.02564102564102564,0.717490736840411
0.6309523809523809,0.07692307692307693,0.724953918967141
0.14285714285714285,0.02564102564102564,0.7540555668839029
0.27380952380952384,0.5641025641025641,0.6533004282115195
0.25,0.10256410256410256,0.507353345603722
0.0,0.02564102564102564,0.5839167804718377
0.13095238095238093,0.05128205128205129,1.0
0.035714285714285726,0.02564102564102564,0.7205176972630417
0.9166666666666665,0.0,0.7523575445449986
0.5238095238095238,0.07692307692307693,0.40742676000032196
0.0,0.05128205128205129,0.8729625744205328
0.0,0.41025641025641024,0.666879743931658
0.14285714285714285,0.10256410256410256,0.7540555668839029
0.14285714285714285,0.07692307692307693,0.7506157552862393
0.0,0.05128205128205129,0.6364181354017704
0.5714285714285714,0.02564102564102564,0.7240554394399983
0.75,0.05128205128205129,0.6139524580575404
0.4285714285714286,0.0,0.6649300198812492
0.0,0.05128205128205129,0.8733836423736229
0.976190476190476,0.0,0.15094003294760314
0.6309523809523809,0.23076923076923075,0.4669133824148878
0.9880952380952381,0.30769230769230765,0.7583829582010825
0.11904761904761907,0.02564102564102564,0.7236816598830736
0.8333333333333333,0.12820512820512822,0.36202989968152444
0.011904761904761918,0.07692307692307693,0.5772388875622799
0.2619047619047619,0.23076923076923075,0.7167238934515299
0.5714285714285714,0.05128205128205129,0.7174464668525113
0.047619047619047616,0.05128205128205129,0.8896464907314746
0.2619047619047619,0.02564102564102564,0.6675124358420554
0.35714285714285715,0.02564102564102564,0.33900229533179693
0.23809523809523808,0.07692307692307693,0.7045977736220632
0.9047619047619047,0.10256410256410256,0.3867411050862193
0.14285714285714285,0.02564102564102564,0.7503439308529621
0.47619047619047616,0.02564102564102564,0.5804280035845276
